AVar1;AVar2;AVar3;AVar4;AVar5;BVar1;BVar2;BVar3;BVar4;BVar5;CVar1;CVar2;CVar3;CVar4;CVar5;DVar1;DVar2;DVar3;DVar4;DVar5;A;B;C;D;contVar1;contVar2;contVar3;contVar4;contVar5;wokr_ex;bin1;bin2;age;indVar1;indVar2;inCVar3;proba
5;5;5;5;5;5;5;5;5;5;5;5;5;5;5;5;5;5;3;4;5;5;5;5;51;30;37;16;270;25;0;0;45-54;1;Tak;A;C
5;5;5;5;5;4;4;4;4;4;4;3;4;3;3;5;5;4;5;4;5;4;3;5;78;43;37;37;389;19;0;1;45-54;1;Tak;A;C
4;2;4;2;3;4;4;3;3;3;2;3;3;3;2;2;3;2;2;2;3;3;3;2;88;47;59;36;422;6;1;1;35-44;2;Nie;B;B
5;4;4;5;5;5;5;5;5;5;4;4;5;5;5;5;5;4;4;4;5;5;5;4;38;27;27;14;235;20;1;0;45-54;2;Nie;A;A
5;5;5;5;5;5;5;5;5;5;3;2;5;5;1;5;5;4;1;1;5;5;3;4;89;77;93;84;720;20;1;1;45-54;2;Nie;B;B
5;5;5;5;5;4;5;4;5;4;3;5;5;5;5;4;5;1;5;5;5;4;5;5;76;55;76;56;642;27;1;0;45-54;1;Tak;C;B
4;5;2;4;4;4;4;4;3;3;4;4;4;3;2;5;4;1;2;3;4;4;4;3;101;58;91;68;643;21;0;0;45-54;2;Nie;C;C
5;5;5;4;5;5;5;5;5;5;5;3;5;5;5;5;5;5;4;5;5;5;5;5;77;37;37;49;377;1;1;0;25-34;2;Nie;A;B
4;3;3;3;4;4;3;4;4;5;3;3;3;3;3;2;3;3;1;1;3;4;3;2;55;46;40;40;435;5;0;0;25-34;2;Nie;C;A
2;3;2;4;4;5;5;5;4;4;4;4;4;4;4;2;2;4;4;3;3;5;4;3;95;69;54;59;475;21;0;1;45-54;1;Nie;A;C
2;4;4;3;4;4;4;4;4;3;1;1;1;1;1;3;3;1;5;3;4;4;1;3;74;74;68;29;547;10;0;0;35-44;2;Nie;B;C
4;4;2;4;4;5;5;5;5;5;3;3;3;3;3;3;4;2;3;3;4;5;3;3;100;45;50;66;507;20;1;0;35-44;2;Nie;A;A
2;2;2;3;2;2;4;4;2;1;2;2;4;3;2;3;3;3;2;2;2;2;2;3;64;36;43;23;350;33;0;0;55-64;1;Tak;B;B
5;5;5;5;5;4;3;4;4;3;5;3;5;3;1;4;4;5;3;3;5;4;3;4;101;60;91;63;619;30;0;0;55-64;1;Nie;C;C
5;5;5;4;2;5;4;4;5;4;3;4;4;3;4;3;2;3;2;2;5;4;4;2;62;36;41;21;350;6;0;1;35-44;2;Tak;C;A
5;4;4;5;5;5;5;4;5;4;3;4;4;5;3;5;5;3;4;4;5;5;4;4;132;67;97;61;684;26;1;0;45-54;1;Tak;A;A
4;4;4;5;4;4;4;4;4;4;4;3;3;2;3;3;4;2;3;4;4;4;3;3;58;44;39;25;359;27;0;1;45-54;2;Nie;C;A
2;2;2;2;3;4;4;3;3;3;3;3;4;3;3;2;2;2;2;2;2;3;3;2;79;46;68;36;521;7;1;0;25-34;2;Nie;B;C
4;4;4;4;4;4;4;4;4;2;3;2;4;3;3;3;4;4;2;2;4;4;3;3;61;54;53;51;451;42;0;1;65+;1;Tak;C;C
2;2;1;3;4;4;4;4;3;3;3;3;4;3;3;1;2;4;3;2;2;4;3;2;61;40;60;54;473;40;0;1;55-64;1;Tak;B;D
4;4;2;2;2;5;5;5;5;5;4;2;2;4;1;2;2;1;2;2;2;5;2;2;92;43;61;56;518;10;1;0;35-44;2;Tak;B;A
1;3;4;4;3;2;5;5;3;3;5;3;5;5;5;3;1;5;2;3;3;3;5;3;46;32;39;18;301;25;0;0;55-64;2;Nie;A;B
4;5;4;5;5;5;5;5;5;5;2;3;3;3;3;5;4;2;3;2;5;5;3;3;141;101;116;109;1006;19;0;0;45-54;1;Tak;B;C
4;5;2;4;2;2;4;4;2;2;5;4;5;5;4;2;4;5;4;4;4;2;5;4;62;44;58;34;456;30;1;0;45-54;1;Nie;A;D
4;4;4;4;4;2;4;4;4;3;3;1;4;3;2;4;4;4;2;1;4;4;3;4;59;47;56;40;463;44;0;0;65+;1;Tak;C;B
2;4;4;5;5;5;5;5;5;4;3;1;1;1;1;5;5;1;5;5;4;5;1;5;72;52;63;22;423;16;1;0;35-44;1;Tak;C;C
4;4;4;3;4;4;4;4;3;3;2;3;3;3;3;4;4;1;3;3;4;4;3;3;146;69;82;62;691;5;0;0;35-44;2;Nie;B;D
4;4;4;3;4;4;5;5;4;4;5;5;5;5;5;4;3;5;4;4;4;4;5;4;110;65;96;49;588;44;0;0;65+;1;Tak;A;C
4;4;5;5;4;4;4;4;5;3;4;3;3;3;3;5;4;4;5;5;4;4;3;5;119;92;110;67;656;41;0;0;55-64;1;Tak;A;C
4;4;4;4;5;4;4;4;5;4;4;4;5;5;4;5;4;3;4;5;4;4;4;4;89;50;83;51;553;4;1;0;25-34;2;Nie;A;B
1;1;4;4;4;4;4;4;4;4;4;4;4;4;4;4;4;4;4;4;4;4;4;4;81;59;68;63;567;11;0;0;35-44;2;Nie;A;D
5;5;5;5;4;4;5;5;4;3;3;4;4;4;3;5;5;2;3;3;5;4;4;3;63;39;45;23;305;20;0;1;45-54;2;Nie;C;C
4;4;4;4;4;4;4;4;4;4;2;2;2;2;2;4;4;5;4;3;4;4;2;4;84;60;64;69;549;14;0;1;35-44;2;Nie;C;B
3;3;3;3;3;2;4;4;3;3;4;3;5;5;4;3;4;5;3;3;3;3;4;3;119;64;72;49;529;14;1;0;35-44;1;Tak;C;D
5;5;5;5;5;5;5;5;5;5;2;4;5;5;4;5;5;4;4;4;5;5;4;4;78;62;47;57;447;12;1;1;45-54;1;Tak;A;C
4;4;2;4;4;5;4;5;5;5;1;1;1;1;1;2;4;3;2;3;4;5;1;3;56;44;45;37;451;13;1;1;35-44;1;Nie;B;C
5;5;5;5;4;5;5;5;4;3;3;3;3;3;3;5;5;3;2;3;5;5;3;3;46;33;25;21;285;32;0;0;55-64;1;Nie;C;D
2;2;4;4;4;2;4;4;2;2;4;1;1;1;1;2;2;2;4;4;4;2;1;2;100;69;83;57;553;7;1;1;35-44;2;Nie;B;B
2;2;2;2;2;2;4;4;2;4;4;2;4;4;4;2;2;4;2;2;2;4;4;2;87;65;50;40;510;21;0;0;45-54;1;Tak;B;D
4;4;4;4;4;4;4;5;5;5;3;4;4;4;4;2;4;3;4;4;4;5;4;4;95;52;71;44;534;29;0;0;45-54;1;Tak;C;B
4;5;4;5;4;5;3;5;3;5;3;1;2;3;3;4;4;1;5;5;4;5;3;4;145;104;94;81;819;14;1;0;35-44;2;Nie;C;D
4;4;4;5;3;4;3;4;5;4;2;2;2;2;2;4;5;2;4;3;4;4;2;4;78;70;64;77;593;3;1;1;25-34;1;Nie;C;C
5;4;4;4;4;4;4;5;4;3;3;2;2;3;1;4;4;3;3;4;4;4;2;4;90;53;75;47;486;20;1;0;45-54;1;Tak;C;A
3;4;3;3;2;4;4;4;2;3;3;3;4;3;3;2;3;5;4;4;3;4;3;4;88;53;74;62;638;25;0;1;45-54;1;Tak;A;D
4;4;4;4;5;3;4;4;4;2;3;3;4;4;3;4;5;3;5;3;4;4;3;4;66;37;39;23;317;44;0;1;65+;1;Nie;C;D
4;4;2;2;4;4;4;4;4;4;2;2;2;4;2;1;3;1;2;2;4;4;2;2;77;78;69;53;684;20;0;0;45-54;2;Nie;C;C
1;2;1;1;5;5;5;4;5;5;2;2;3;2;1;1;1;1;1;2;1;5;2;1;120;67;79;63;616;32;1;0;55-64;1;Tak;B;C
5;5;5;5;4;4;4;4;4;4;4;4;4;4;3;5;4;4;5;5;5;4;4;5;95;50;79;47;521;2;1;0;25-34;1;Nie;A;B
4;5;4;4;4;2;4;3;3;3;2;4;5;4;4;4;4;1;4;4;4;3;4;4;63;39;48;28;435;29;0;0;45-54;1;Nie;A;B
4;4;4;4;4;4;4;4;4;4;4;4;4;4;4;4;4;4;4;4;4;4;4;4;57;29;42;22;359;6;1;1;35-44;1;Nie;A;B
2;1;3;2;4;2;4;2;3;1;3;3;2;3;2;2;4;4;2;1;2;2;3;2;141;68;112;34;703;32;1;0;55-64;1;Tak;B;C
5;5;5;5;4;3;4;5;4;4;4;4;5;4;5;3;5;3;5;5;5;4;4;5;71;46;35;40;339;18;0;0;45-54;2;Tak;A;B
2;4;4;4;4;4;5;5;4;4;4;2;4;4;2;2;4;4;5;5;4;4;4;4;88;68;57;47;618;12;1;0;45-54;1;Tak;A;B
4;5;5;5;5;4;4;5;4;4;5;2;3;3;3;4;5;5;5;5;5;4;3;5;51;27;32;25;270;29;1;0;45-54;1;Nie;A;B
4;4;4;4;4;4;4;4;4;3;3;3;4;4;3;4;4;3;3;4;4;4;3;4;81;48;70;34;495;16;1;0;35-44;1;Nie;C;C
5;5;5;5;5;5;5;5;5;5;5;5;5;5;5;5;5;4;5;5;5;5;5;5;125;76;60;60;558;28;0;0;45-54;1;Nie;A;C
5;5;5;4;5;5;5;5;5;5;4;5;5;5;5;4;4;2;5;4;5;5;5;4;87;74;66;38;568;12;1;0;35-44;2;Nie;C;D
1;1;4;1;1;1;1;2;1;1;3;1;5;2;3;1;3;5;1;1;1;1;3;1;49;25;36;18;257;35;0;0;55-64;1;Nie;B;D
4;5;4;5;4;4;4;4;4;4;4;3;4;4;4;4;5;4;5;5;4;4;4;5;49;30;41;26;364;13;1;0;35-44;2;Nie;A;C
4;4;4;5;4;4;4;4;4;4;3;3;4;3;3;4;5;4;4;3;4;4;3;4;49;31;41;25;345;10;1;0;35-44;1;Nie;A;A
5;4;5;5;5;5;5;5;5;5;2;4;4;4;2;5;4;3;5;5;5;5;4;5;53;25;37;20;249;1;1;1;25-34;2;Nie;A;C
2;2;2;4;3;4;4;4;3;3;3;2;2;2;2;3;3;2;2;2;2;4;2;2;142;86;96;61;650;20;0;0;35-44;2;Nie;B;B
4;4;4;4;4;5;5;5;4;4;3;4;4;4;3;4;4;1;3;3;4;5;4;3;120;66;73;56;582;35;0;0;55-64;2;Nie;C;C
4;4;2;1;3;4;4;5;4;3;3;1;1;1;1;2;2;3;2;2;3;4;1;2;90;77;86;50;667;9;0;0;45-54;2;Nie;B;C
4;4;4;4;4;4;4;5;4;4;3;3;5;3;3;4;4;4;5;5;4;4;3;4;62;33;40;31;376;25;1;0;45-54;2;Tak;A;D
4;2;4;2;2;4;4;4;5;4;3;4;1;3;1;4;4;3;4;4;2;4;3;4;62;36;47;27;318;7;0;1;35-44;2;Nie;C;D
5;4;5;4;4;2;4;5;4;4;3;1;3;3;3;2;4;3;1;1;4;4;3;2;80;33;61;16;356;3;1;1;35-44;1;Nie;B;C
5;5;4;5;5;5;5;5;4;4;5;5;5;5;4;4;5;5;4;5;5;5;5;5;70;35;49;24;375;20;0;1;65+;1;Nie;A;C
4;4;4;2;4;4;4;4;4;3;3;4;4;4;3;4;3;4;4;4;4;4;4;4;75;56;49;21;450;30;1;0;55-64;1;Tak;C;C
4;3;4;4;3;5;5;5;5;5;3;1;2;3;1;3;3;4;3;3;4;5;2;3;186;97;127;69;794;9;1;0;25-34;2;Nie;C;B
5;5;5;5;4;5;4;4;3;4;4;3;4;4;3;4;5;4;5;4;5;4;4;4;87;62;66;66;637;27;0;0;45-54;1;Nie;A;A
4;4;4;4;4;2;4;4;4;3;4;4;4;4;4;3;4;4;4;4;4;4;4;4;84;52;50;43;476;30;1;1;55-64;1;Tak;A;C
5;5;5;5;5;5;5;5;5;5;3;3;4;3;3;5;5;3;4;5;5;5;3;5;103;65;72;31;507;38;0;0;55-64;1;Nie;A;A
5;5;5;5;5;4;5;5;4;4;4;2;5;5;1;5;5;3;4;3;5;4;4;4;169;103;110;60;755;20;0;0;45-54;1;Tak;C;C
1;1;1;5;4;4;5;5;4;3;2;3;4;4;2;4;1;2;3;4;1;4;3;3;126;79;102;58;720;10;0;0;35-44;2;Nie;C;B
2;2;4;4;4;4;5;5;4;4;3;3;4;3;2;4;3;4;4;4;4;4;3;4;74;58;59;32;520;8;0;0;35-44;2;Nie;C;C
4;3;4;4;4;4;4;5;3;4;4;2;4;4;2;4;4;5;4;5;4;4;4;4;123;59;82;33;574;14;0;0;35-44;2;Nie;C;C
5;4;4;5;5;5;5;5;5;4;3;5;5;5;5;4;5;4;5;5;5;5;5;5;94;55;105;71;689;20;1;0;45-54;2;Nie;A;D
5;5;4;4;5;4;5;5;5;4;5;3;4;4;3;3;4;2;2;2;5;5;4;2;74;50;57;27;510;1;1;0;25-34;1;Nie;A;C
4;4;4;4;4;4;4;4;3;4;4;3;4;3;3;4;4;3;5;4;4;4;3;4;87;72;100;61;661;10;0;0;25-34;1;Nie;C;A
5;5;5;5;5;4;5;4;4;3;5;5;4;4;4;3;5;4;5;5;5;4;4;5;113;76;82;63;714;25;1;0;55-64;1;Nie;A;D
2;2;4;4;3;4;4;4;4;3;4;3;4;4;3;2;4;4;2;2;3;4;4;2;56;37;48;22;356;12;1;0;35-44;2;Nie;C;B
2;2;2;5;4;2;4;5;4;4;3;2;3;4;2;3;4;2;4;4;2;4;3;4;53;55;48;53;446;20;0;1;45-54;2;Nie;C;A
2;5;5;4;5;4;5;3;5;4;2;1;2;4;3;5;5;4;4;5;5;4;2;5;63;23;41;29;301;10;0;1;25-34;2;Nie;C;B
5;5;5;5;5;5;5;5;5;5;2;5;5;5;5;5;5;4;5;5;5;5;5;5;98;78;95;56;586;12;1;0;35-44;1;Nie;A;C
4;4;4;4;4;4;4;4;4;4;1;3;5;4;2;4;4;2;1;1;4;4;3;2;88;61;54;39;423;10;1;1;25-34;2;Nie;C;B
4;4;4;4;4;2;2;4;4;2;4;4;4;4;4;4;4;4;4;4;4;2;4;4;111;67;73;56;740;25;0;0;55-64;2;Nie;C;D
4;4;2;5;4;4;4;3;2;2;4;3;4;4;3;4;5;4;4;4;4;3;4;4;131;78;104;52;685;20;0;0;45-54;1;Nie;C;C
1;1;1;1;4;3;5;4;4;3;3;3;3;3;2;1;1;3;2;2;1;4;3;2;87;76;61;56;598;15;0;0;45-54;1;Tak;B;B
1;2;1;2;2;1;1;1;2;2;3;2;2;3;3;1;2;3;2;2;2;1;3;2;112;70;88;49;644;30;1;0;55-64;1;Nie;B;C
4;5;4;4;4;4;5;5;4;4;5;3;4;4;4;4;4;5;4;3;4;4;4;4;74;37;50;22;443;28;1;1;45-54;1;Tak;A;C
1;2;1;3;3;4;4;4;4;3;3;3;2;3;3;1;2;4;4;3;2;4;3;3;76;40;50;29;395;12;0;0;35-44;2;Nie;B;C
4;4;4;4;5;5;5;5;5;5;4;3;5;4;3;4;4;4;4;3;4;5;4;4;95;59;67;41;509;8;1;0;35-44;2;Nie;C;A
4;4;5;5;5;5;5;5;5;5;1;1;3;2;2;5;5;1;2;2;5;5;2;2;125;68;98;94;805;8;1;0;35-44;2;Nie;B;C
5;5;5;5;3;3;4;3;4;4;5;5;5;5;5;4;5;5;5;5;5;4;5;5;63;44;55;31;454;10;0;0;65+;2;Nie;A;C
4;4;4;4;4;3;4;4;4;4;4;4;4;4;3;4;5;5;4;4;4;4;4;4;62;44;45;31;426;6;1;0;25-34;2;Nie;A;B
4;4;4;4;3;4;5;5;4;4;3;3;4;5;4;4;3;5;4;3;4;4;4;4;87;75;80;42;663;3;0;0;25-34;1;Nie;C;D
4;4;4;3;5;5;4;5;5;5;5;5;5;5;5;1;4;5;1;1;4;5;5;1;115;77;77;34;692;19;0;0;35-44;2;Nie;A;D
4;4;4;5;4;4;4;5;4;4;2;3;5;4;2;2;5;2;5;5;4;4;3;5;86;44;49;49;440;6;0;0;25-34;2;Nie;C;C
2;4;4;4;5;4;5;5;5;5;3;3;5;3;2;2;3;1;3;3;4;5;3;3;63;36;48;24;418;5;1;0;35-44;2;Nie;B;C
5;5;5;5;5;4;5;5;5;4;2;5;5;4;4;5;5;4;5;5;5;5;4;5;78;57;51;52;421;33;0;1;55-64;1;Nie;A;D
2;2;2;2;2;1;2;4;4;3;1;1;1;4;1;1;2;2;1;1;2;3;1;1;135;98;125;58;899;40;1;0;65+;1;Tak;B;C
4;3;3;4;4;4;4;4;3;2;4;4;4;3;3;3;3;3;5;4;4;4;4;3;87;54;73;34;463;40;1;0;55-64;1;Nie;C;D
4;5;3;4;3;5;5;5;3;3;3;3;5;3;4;2;4;2;2;2;4;5;3;2;39;47;38;19;351;10;1;0;35-44;2;Nie;C;C
4;4;4;4;4;4;4;4;2;2;3;4;4;4;3;2;4;4;3;2;4;4;4;3;56;32;40;32;369;35;1;0;55-64;1;Tak;A;C
5;4;5;5;5;5;5;5;4;4;3;5;5;5;4;5;5;3;5;5;5;5;5;5;53;38;53;44;410;21;0;1;45-54;2;Nie;A;B
5;4;2;3;3;3;3;2;2;5;4;5;4;3;3;3;3;4;5;4;3;3;4;4;83;71;63;81;649;12;0;1;18-24;2;Nie;A;C
4;4;4;4;3;5;5;5;3;5;3;1;1;1;1;2;4;3;5;4;4;5;1;4;106;60;84;64;572;1;0;1;25-34;2;Nie;C;B
4;5;5;4;4;4;4;4;4;3;3;3;4;4;2;4;4;1;4;4;4;4;3;4;91;65;60;48;620;32;0;1;55-64;1;Nie;C;A
4;4;4;4;5;5;5;5;4;4;4;3;4;4;3;4;4;4;4;4;4;5;4;4;53;36;46;25;365;5;1;0;25-34;1;Nie;C;C
2;4;3;3;3;4;4;5;4;3;3;3;4;3;3;3;4;4;3;4;3;4;3;4;132;80;98;74;759;14;0;0;35-44;1;Nie;C;C
5;5;5;5;5;5;5;5;5;4;4;3;5;5;3;5;5;4;1;1;5;5;4;4;100;67;66;31;571;36;0;0;55-64;1;Tak;A;D
2;4;4;4;3;4;4;4;4;3;2;4;4;4;3;4;4;3;3;2;4;4;4;3;54;28;54;20;327;6;0;1;25-34;2;Nie;C;C
1;3;2;2;2;4;2;3;2;1;3;3;2;3;4;3;2;3;2;4;2;2;3;3;91;53;66;43;546;27;0;0;45-54;2;Nie;B;D
5;4;5;3;5;1;4;2;4;2;4;2;4;4;4;3;5;4;2;3;5;2;4;3;64;33;45;55;423;47;0;1;65+;1;Nie;A;B
2;2;2;1;4;4;5;5;4;4;3;3;2;3;2;3;3;4;2;2;2;4;3;3;120;53;89;44;566;2;1;0;25-34;1;Nie;B;C
5;4;5;4;2;3;3;3;2;1;3;2;3;3;3;4;4;3;4;3;4;3;3;4;36;26;29;23;253;25;0;0;45-54;1;Nie;C;C
4;4;4;5;5;4;4;4;5;3;3;3;4;3;3;4;5;2;2;2;4;4;3;2;77;79;75;47;572;14;1;1;35-44;1;Nie;A;D
5;5;5;4;5;4;5;5;5;4;2;4;2;4;4;5;5;2;5;5;5;5;4;5;79;60;74;34;482;30;0;0;55-64;2;Nie;C;A
4;2;2;4;3;4;4;1;4;3;3;3;4;4;2;4;4;4;1;1;3;4;3;4;47;39;48;19;379;18;0;1;45-54;1;Tak;B;D
4;4;3;4;3;5;5;5;5;5;5;5;5;5;5;3;4;5;5;5;4;5;5;5;60;41;36;27;378;7;1;1;25-34;2;Nie;A;C
4;5;4;4;4;4;3;4;4;3;3;2;2;2;2;5;4;3;3;3;4;4;2;3;114;88;111;98;810;10;1;0;25-34;2;Nie;C;C
2;2;2;4;2;3;4;4;3;3;3;4;4;3;3;2;2;4;3;2;2;3;3;2;51;27;39;15;283;38;0;0;55-64;1;Tak;B;C
2;4;3;2;4;4;4;4;3;3;1;4;4;4;3;3;4;1;2;2;3;4;4;2;107;80;94;59;598;36;1;0;55-64;1;Nie;C;C
4;4;4;4;5;4;5;5;5;4;3;3;3;3;3;4;4;1;4;4;4;5;3;4;47;48;44;24;376;20;1;0;35-44;2;Nie;B;C
4;4;4;4;4;4;4;4;4;4;4;5;5;5;5;4;4;4;4;4;4;4;5;4;76;68;66;51;540;30;1;1;45-54;2;Tak;A;A
5;4;4;4;4;5;5;5;4;5;1;5;5;5;5;4;4;2;5;5;4;5;5;4;90;41;65;18;389;8;1;0;35-44;2;Nie;A;A
4;4;4;4;3;4;3;4;4;3;3;3;3;3;2;2;4;4;4;4;4;4;3;4;91;68;78;55;627;3;0;0;25-34;2;Nie;C;A
4;2;2;2;4;2;2;2;4;2;4;1;1;1;1;2;2;3;1;1;2;2;1;2;58;27;41;23;261;24;1;1;45-54;1;Nie;B;C
2;4;4;2;4;4;4;4;4;4;2;2;4;2;2;2;4;2;2;2;4;4;2;2;123;78;99;88;726;24;1;1;45-54;1;Nie;C;C
2;2;2;4;3;2;5;4;3;4;3;3;3;3;3;2;3;3;2;3;2;4;3;3;131;87;107;87;718;25;0;1;45-54;2;Nie;B;A
4;5;5;2;4;4;5;5;4;5;3;2;4;4;2;4;4;3;2;2;4;5;3;3;127;72;74;31;612;12;0;0;35-44;2;Nie;C;C
4;2;2;2;5;4;4;4;5;4;4;4;4;4;4;4;4;4;2;2;2;4;4;4;59;44;49;21;316;12;0;0;35-44;2;Nie;A;C
2;2;4;4;4;2;4;4;4;2;2;2;1;2;1;4;4;2;2;2;4;4;2;2;41;45;37;21;340;7;1;0;25-34;2;Tak;B;B
5;5;5;5;5;5;5;5;5;5;1;5;5;5;5;5;5;1;5;5;5;5;5;5;141;97;98;65;900;15;1;0;55-64;1;Nie;C;C
5;5;5;5;5;5;5;5;5;5;5;5;5;5;5;5;5;5;5;5;5;5;5;5;71;40;47;29;426;20;1;0;45-54;1;Nie;A;A
4;2;4;4;4;4;4;4;4;2;2;3;2;3;2;2;2;1;1;1;4;4;2;1;71;38;73;28;459;5;1;0;25-34;1;Nie;B;D
5;5;5;4;4;5;5;5;4;3;3;4;4;4;4;4;4;4;5;5;5;5;4;4;62;45;54;54;444;12;1;1;35-44;1;Nie;A;A
4;2;4;4;4;4;4;4;4;3;1;1;1;1;1;2;4;4;3;3;4;4;1;3;67;26;46;21;287;8;0;1;25-34;2;Nie;B;A
4;4;4;4;3;2;4;3;4;2;1;1;2;2;1;4;4;2;3;3;4;3;1;3;108;75;90;80;726;12;1;1;35-44;2;Nie;B;D
4;4;4;4;4;4;4;4;4;3;3;4;4;4;4;3;3;1;4;4;4;4;4;3;119;53;83;38;540;25;1;0;45-54;1;Nie;C;D
4;4;4;4;3;4;4;4;2;4;4;2;4;2;3;2;3;2;2;2;4;4;3;2;57;48;60;27;380;7;1;0;25-34;2;Nie;B;A
5;5;4;4;4;5;5;5;3;3;4;3;3;3;3;4;4;3;5;3;4;5;3;4;70;46;61;23;386;6;1;0;25-34;1;Nie;C;C
4;4;4;4;4;4;4;4;4;3;2;3;3;4;3;4;4;4;2;2;4;4;3;4;96;107;83;94;786;19;1;1;35-44;2;Nie;C;C
4;5;4;3;4;4;4;5;4;3;1;2;2;3;2;4;4;1;4;3;4;4;2;4;73;66;76;54;614;6;1;0;35-44;1;Nie;B;B
2;3;5;4;3;4;3;5;4;4;4;2;4;4;3;4;4;3;4;5;3;4;4;4;89;45;60;49;509;30;0;1;55-64;1;Nie;C;C
5;5;4;5;5;4;5;5;5;4;3;3;3;4;3;4;5;3;5;5;5;5;3;5;67;48;65;31;469;30;1;0;45-54;2;Nie;C;C
1;3;1;1;2;3;4;4;1;4;3;1;1;4;2;1;1;3;4;4;1;4;2;3;127;69;81;76;673;8;0;0;25-34;2;Nie;B;C
4;5;5;5;5;4;5;5;5;4;4;4;5;4;4;4;5;4;4;2;5;5;4;4;85;51;67;31;554;22;1;0;45-54;1;Tak;A;A
5;4;5;5;5;5;5;5;5;4;2;3;3;3;3;3;4;3;3;2;5;5;3;3;75;66;59;46;523;11;1;1;35-44;2;Nie;C;A
5;4;4;5;3;4;5;5;4;4;2;3;3;3;3;4;4;3;4;3;4;4;3;4;58;40;42;19;318;10;1;1;35-44;2;Nie;C;B
4;4;2;5;5;5;4;5;5;4;1;2;2;2;2;5;5;1;4;4;4;5;2;4;90;55;69;44;507;10;0;0;35-44;2;Nie;C;C
2;4;2;2;4;4;4;5;2;2;2;1;2;3;1;2;2;2;2;1;2;4;2;2;163;127;155;122;1104;20;1;0;45-54;2;Nie;B;C
4;4;4;4;3;2;2;4;3;2;4;3;4;3;4;3;4;3;3;3;4;2;4;3;98;66;84;67;682;18;0;0;55-64;2;Nie;C;C
4;4;4;4;4;4;4;5;3;3;2;2;2;2;1;2;5;2;4;4;4;4;2;4;68;48;57;30;409;12;1;1;35-44;2;Nie;C;D
4;5;5;4;5;5;4;4;4;4;3;5;4;4;5;5;4;4;1;1;5;4;4;4;84;33;56;34;411;8;1;0;25-34;2;Nie;A;B
5;4;4;4;4;4;5;5;4;4;5;4;4;4;5;4;4;5;4;4;4;4;4;4;88;40;57;39;418;11;1;0;45-54;2;Nie;A;A
4;4;4;5;4;5;5;5;4;4;4;5;5;4;4;4;4;5;4;4;4;5;4;4;77;62;55;43;468;6;0;1;35-44;2;Tak;A;D
3;5;3;4;4;5;5;5;4;4;5;4;4;3;4;4;3;4;3;4;4;5;4;4;53;46;67;50;460;24;0;1;45-54;2;Nie;A;C
1;1;1;4;4;4;4;4;4;3;2;3;4;4;3;1;1;3;4;4;1;4;3;3;78;69;50;27;472;24;1;0;45-54;2;Nie;B;C
2;2;2;3;2;2;2;2;2;2;4;3;4;4;3;2;3;3;4;3;2;2;4;3;109;57;81;67;545;21;0;0;55-64;1;Nie;B;A
4;4;3;4;5;5;5;5;5;5;5;4;5;3;5;3;4;3;4;4;4;5;5;4;51;25;41;18;311;24;1;1;45-54;2;Nie;A;B
5;5;4;5;5;5;5;5;4;4;4;4;4;4;4;4;5;4;3;2;5;5;4;4;39;38;37;23;308;6;0;0;35-44;1;Nie;A;D
4;4;4;4;4;4;4;5;4;3;4;4;4;4;3;2;4;2;2;4;4;4;4;2;105;89;102;96;759;17;0;0;45-54;2;Nie;C;A
4;5;5;4;3;2;5;4;2;2;4;5;5;4;4;5;4;1;4;2;4;2;4;4;100;44;63;39;453;15;1;0;35-44;1;Tak;C;A
5;4;4;4;4;2;4;4;4;2;3;4;4;5;4;4;4;5;2;3;4;4;4;4;81;49;62;28;428;46;0;0;65+;1;Nie;C;C
4;4;4;5;4;5;5;4;4;4;2;3;2;4;2;4;5;2;2;2;4;4;2;2;69;45;44;26;385;30;1;0;55-64;2;Nie;C;C
5;5;5;5;5;5;5;4;5;4;4;4;5;4;3;4;4;5;4;4;5;5;4;4;70;43;58;30;427;32;0;1;55-64;1;Tak;A;A
4;4;5;4;2;4;5;4;4;3;4;4;4;4;4;4;4;5;3;3;4;4;4;4;56;40;43;21;359;6;1;1;25-34;1;Nie;C;B
5;5;4;5;4;4;4;5;4;4;4;4;4;3;4;4;4;4;4;3;5;4;4;4;77;51;68;21;399;16;1;0;35-44;2;Nie;C;B
5;2;3;4;4;4;5;5;4;4;3;1;1;1;1;2;2;3;5;5;4;4;1;3;63;38;42;23;350;2;0;1;25-34;2;Tak;C;D
4;4;4;2;4;2;4;4;4;2;3;1;1;3;1;3;2;1;1;1;4;4;1;1;100;56;69;44;607;33;1;0;55-64;1;Nie;B;C
2;2;1;2;4;4;4;4;4;2;1;2;4;2;1;2;2;1;2;2;2;4;2;2;95;61;83;66;603;30;1;0;55-64;1;Tak;B;A
4;2;1;2;4;1;1;2;2;1;4;2;2;2;2;2;3;5;1;1;2;1;2;2;52;39;49;24;351;30;1;1;45-54;2;Nie;B;D
2;1;1;1;1;4;4;2;2;2;1;3;2;2;2;1;1;1;2;1;1;2;2;1;63;51;56;38;447;20;1;0;45-54;2;Nie;B;D
4;3;2;2;1;1;2;1;2;1;4;3;3;3;3;2;2;3;2;2;2;1;3;2;96;50;48;33;435;40;0;0;65+;2;Nie;B;C
5;4;4;5;3;4;4;5;3;3;4;2;2;3;3;4;4;3;5;5;4;4;3;4;84;30;59;24;362;1;1;1;25-34;2;Nie;C;C
4;3;2;4;2;1;4;4;2;1;4;3;2;2;2;3;2;4;2;2;3;2;2;2;82;49;71;39;604;16;1;0;55-64;1;Nie;B;D
4;4;4;4;2;2;2;2;3;2;3;4;4;3;3;1;4;4;2;2;4;2;3;2;85;60;57;55;599;20;0;0;45-54;1;Nie;C;B
5;4;4;5;5;4;5;5;5;5;3;3;4;4;4;4;4;3;3;5;5;5;4;4;93;62;55;39;477;25;1;0;55-64;1;Nie;C;D
5;5;5;5;4;4;4;2;3;2;1;2;2;2;2;4;4;1;4;3;5;3;2;4;88;63;55;48;514;40;1;0;55-64;1;Nie;C;D
4;5;5;5;3;5;3;5;5;5;3;2;4;3;2;5;5;3;5;3;5;5;3;5;61;58;72;42;437;2;0;1;25-34;1;Nie;C;A
5;4;4;2;2;5;1;4;3;2;2;4;4;1;1;1;1;1;1;1;4;3;2;1;74;30;50;24;343;11;0;1;35-44;2;Nie;B;A
1;2;1;1;3;4;4;4;3;4;3;3;4;3;3;1;1;3;3;3;1;4;3;3;72;47;64;37;410;15;0;0;35-44;2;Nie;B;A
5;5;4;1;3;1;5;5;3;3;5;1;3;1;1;1;4;5;5;5;4;3;1;5;88;53;65;43;556;43;1;0;65+;1;Tak;C;A
4;4;4;4;4;5;5;4;4;5;5;5;5;5;5;4;4;4;5;5;4;5;5;4;45;39;45;19;299;12;0;0;35-44;2;Nie;A;D
2;1;1;3;2;4;4;5;3;4;3;5;5;5;5;1;3;5;2;3;2;4;5;3;91;45;70;55;482;13;0;0;35-44;2;Nie;A;D
4;5;4;4;4;4;4;4;3;2;3;4;5;3;2;4;3;3;3;3;4;4;3;3;43;39;46;39;350;35;1;0;55-64;1;Tak;A;A
5;5;4;3;3;4;2;4;5;4;4;3;4;3;2;2;3;4;2;2;4;4;3;2;89;69;95;46;656;18;1;0;35-44;1;Nie;B;C
1;1;1;1;3;4;3;1;2;3;4;2;3;4;3;2;1;3;2;1;1;3;3;2;64;48;58;20;368;20;0;1;45-54;2;Nie;B;C
5;4;4;5;4;2;2;4;4;4;3;5;5;5;5;5;5;2;5;5;4;4;5;5;49;36;46;19;361;24;1;0;45-54;2;Tak;A;C
4;4;3;3;4;2;3;4;4;3;2;3;3;3;3;2;3;2;3;3;4;3;3;3;62;49;51;34;422;44;0;0;65+;1;Tak;A;D
4;4;4;5;4;4;4;4;5;4;3;3;4;4;4;4;4;2;2;4;4;4;4;4;89;62;75;43;595;20;0;0;45-54;2;Nie;A;D
4;5;5;4;4;3;4;5;4;4;3;4;4;3;4;4;4;3;4;4;4;4;4;4;65;45;41;30;396;12;1;1;35-44;2;Nie;A;A
4;4;4;5;4;4;5;5;4;4;5;4;5;5;5;5;5;5;5;5;4;4;5;5;58;37;47;22;346;14;1;1;35-44;2;Nie;A;A
4;4;5;4;5;4;5;4;4;4;5;4;4;5;5;5;5;4;4;5;4;4;5;5;75;47;53;39;479;10;1;0;35-44;2;Nie;C;C
4;5;2;5;5;4;5;4;4;4;3;5;5;3;4;5;5;2;5;4;5;4;4;5;52;25;41;14;278;24;0;1;55-64;1;Nie;A;B
4;4;4;5;2;4;4;4;3;2;5;5;5;5;4;2;4;5;5;5;4;4;5;5;68;49;67;53;460;35;1;1;55-64;1;Tak;C;D
4;4;4;4;4;4;3;4;2;2;3;3;4;3;3;4;4;4;2;2;4;3;3;4;82;46;82;25;538;16;1;0;35-44;2;Nie;A;A
5;4;2;5;4;5;5;5;4;4;4;4;4;3;3;5;5;4;2;3;4;5;4;4;56;35;38;19;317;6;1;1;25-34;1;Nie;B;C
2;4;2;2;3;2;2;4;4;2;3;4;3;3;3;2;4;3;3;3;2;2;3;3;56;37;43;13;313;36;1;1;55-64;1;Nie;A;B
4;4;4;4;3;4;4;3;3;4;3;4;4;4;4;4;4;3;3;3;4;4;4;3;71;57;57;31;424;15;0;0;35-44;2;Nie;B;A
4;4;4;4;4;1;4;2;2;1;2;3;2;4;2;2;4;2;4;3;4;2;2;3;153;99;91;55;822;34;1;0;55-64;2;Nie;B;B
2;2;2;2;2;2;4;4;1;2;4;3;4;2;2;2;2;4;2;2;2;2;3;2;86;78;77;67;704;35;0;0;65+;1;Nie;B;C
4;4;4;4;4;4;4;4;4;2;4;2;4;2;2;4;4;4;2;2;4;4;2;4;46;39;38;17;292;6;1;0;35-44;2;Nie;B;C
4;4;4;3;4;5;5;5;5;4;1;1;1;2;1;3;3;4;2;2;4;5;1;3;80;43;67;25;457;18;1;0;45-54;1;Nie;B;C
4;4;4;4;4;2;4;4;4;2;3;2;4;3;2;4;4;2;4;4;4;4;3;4;66;49;73;50;433;17;1;0;35-44;2;Nie;B;D
4;4;4;4;4;4;4;4;4;4;5;3;4;3;3;4;4;4;4;4;4;4;3;4;83;80;62;70;584;7;1;1;35-44;2;Tak;A;B
2;2;2;4;3;5;5;5;3;5;4;4;4;3;5;5;4;4;2;1;2;5;4;4;79;38;46;31;387;6;0;0;25-34;2;Tak;A;A
2;2;3;4;4;4;4;4;4;4;4;2;4;3;3;4;4;3;1;1;3;4;3;3;75;58;93;38;573;5;0;0;25-34;2;Nie;B;C
2;2;4;5;3;4;4;4;4;3;4;2;3;3;3;2;4;4;4;4;3;4;3;4;139;59;105;55;645;29;0;0;45-54;1;Nie;B;C
5;5;5;5;5;4;4;5;5;5;4;4;4;4;3;5;5;4;5;5;5;5;4;5;63;47;55;36;436;1;1;0;25-34;1;Tak;A;D
4;4;4;4;4;4;2;3;2;2;2;2;4;4;2;2;4;4;2;2;4;2;2;2;65;51;56;34;433;20;0;0;35-44;2;Tak;A;B
4;4;4;4;3;5;4;4;3;4;2;2;2;2;2;3;4;2;3;3;4;4;2;3;166;73;118;99;822;7;0;0;35-44;2;Nie;B;B
